title,rt_audience_score,rt_freshness,rt_score,genres,Genre_1,Genre_2,Genre_3,imdb_rating,length,rank_in_year,rating,release_date,studio,worldwide_gross,year
Captain America: The Winter Soldier,4.3,89,7.5,"Sci-Fi
Adventure
Action",Sci-Fi,Adventure,Action,7.8,136,7,PG-13,4-Apr-14,Marvel Studios,"$714,766,572.00 ",2014
Dawn of the Planet of the Apes,4.2,90,7.9,"Sci-Fi
Drama
Action",Sci-Fi,Drama,Action,7.7,130,9,PG-13,11-Jul-14,20th Century Fox,"$708,835,589.00 ",2014
Guardians of the Galaxy,4.4,91,7.7,"Sci-Fi
Adventure
Action",Sci-Fi,Adventure,Action,8.1,121,3,PG-13,1-Aug-14,Marvel Studios,"$774,176,600.00 ",2014
Interstellar,4.2,72,7,"Sci-Fi
Adventure",Sci-Fi,Adventure,,8.7,169,10,PG-13,7-Nov-14,Paramount Pictures / Warner Bros.,"$672,974,414.00 ",2014
Maleficent,3.8,49,5.7,"Family
Adventure
Action",Family,Adventure,Action,7.1,97,4,PG,30-May-14,Walt Disney Pictures,"$758,654,942.00 ",2014
The Amazing Spider-Man 2,3.7,53,5.9,"Fantasy
Adventure
Action",Fantasy,Adventure,Action,6.9,142,8,PG-13,2-May-14,Columbia Pictures,"$709,582,323.00 ",2014
The Hobbit: The Battle of the Five Armies,3.9,61,6.3,"Fantasy
Adventure",Fantasy,Adventure,,7.5,144,2,PG-13,17-Dec-14,Warner Bros. / New Line Cinema / MGM,"$955,113,783.00 ",2014
The Hunger Games: Mockingjay - Part 1,3.8,65,6.3,"Sci-Fi
Adventure",Sci-Fi,Adventure,,6.8,123,5,PG-13,21-Nov-14,Lionsgate Films,"$752,100,229.00 ",2014
Transformers: Age of Extinction,3.3,18,3.9,"Sci-Fi
Adventure
Action",Sci-Fi,Adventure,Action,5.8,165,1,PG-13,27-Jun-14,Paramount Pictures,"$1,091,404,499.00 ",2014
X-Men: Days of Future Past,4.3,91,7.6,"Sci-Fi
Adventure
Action",Sci-Fi,Adventure,Action,8.1,131,6,PG-13,23-May-14,20th Century Fox,"$748,121,534.00 ",2014
Despicable Me 2,4.2,74,6.6,"Family
Comedy
Animation",Family,Comedy,Animation,7.5,98,3,PG,3-Jul-13,Universal / Illumination,"$970,761,885.00 ",2013
Fast & Furious 6,4.2,69,6.2,"Thriller
Crime
Action",Thriller,Crime,Action,7.2,130,6,PG-13,24-May-13,Universal,"$788,679,850.00 ",2013
Frozen,4.3,89,7.7,"Comedy
Animation
Adventure",Comedy,Animation,Adventure,7.7,102,1,PG,27-Nov-13,Walt Disney Pictures,"$1,274,219,009.00 ",2013
Gravity,4,97,9,"Thriller
Sci-Fi
Western",Thriller,Sci-Fi,Western,7.9,91,8,PG-13,4-Oct-13,Warner Bros.,"$716,392,705.00 ",2013
Iron Man 3,4,79,7,"Sci-Fi
Adventure
Action",Sci-Fi,Adventure,Action,7.3,130,2,PG-13,3-May-13,Marvel Studios,"$1,215,439,994.00 ",2013
Man of Steel,3.9,56,6.2,"Fantasy
Adventure
Action",Fantasy,Adventure,Action,7.2,143,9,PG-13,14-Jun-13,Warner Bros. / Legendary,"$668,045,518.00 ",2013
Monsters University,4,78,6.8,"Comedy
Animation
Adventure",Comedy,Animation,Adventure,7.4,104,7,G,21-Jun-13,Walt Disney Pictures / Pixar,"$743,559,607.00 ",2013
The Hobbit: The Desolation of Smaug,4.1,74,6.8,"Fantasy
Adventure",Fantasy,Adventure,,8,161,4,PG-13,13-Dec-13,Warner Bros. / New Line / MGM,"$960,366,855.00 ",2013
The Hunger Games: Catching Fire,4.3,89,7.5,"Adventure
Sci-Fi",Adventure,Sci-Fi,,7.7,146,5,PG-13,22-Nov-13,Lionsgate,"$864,912,963.00 ",2013
Thor: The Dark World,3.9,65,6.2,"Fantasy
Adventure
Action",Fantasy,Adventure,Action,7.1,112,10,PG-13,8-Nov-13,Marvel Studios,"$644,783,140.00 ",2013
Ice Age: Continental Drift,3.6,37,5.1,"Comedy
Animation
Adventure",Comedy,Animation,Adventure,6.7,88,5,PG,13-Jul-12,Fox / Blue Sky,"$877,244,782.00 ",2012
Madagascar 3: Europe's Most Wanted,3.8,79,6.8,"Comedy
Adventure
Animation",Comedy,Adventure,Animation,7,93,8,PG,8-Jun-12,Paramount / DreamWorks,"$746,921,274.00 ",2012
Men in Black 3,3.8,69,6.1,"Sci-Fi
Comedy
Action",Sci-Fi,Comedy,Action,6.9,106,10,PG-13,25-May-12,Columbia,"$624,026,776.00 ",2012
Skyfall,4.1,92,8.2,"Thriller
Adventure
Action",Thriller,Adventure,Action,7.8,143,2,PG-13,9-Nov-12,MGM / Columbia,"$1,108,561,013.00 ",2012
The Amazing Spider-Man,3.9,72,6.7,"Fantasy
Adventure
Action",Fantasy,Adventure,Action,7.1,136,7,PG-13,3-Jul-12,Columbia,"$757,930,663.00 ",2012
The Avengers,4.4,92,8,"Sci-Fi
Adventure
Action",Sci-Fi,Adventure,Action,8.2,143,1,PG-13,4-May-12,Marvel Studios,"$1,518,594,910.00 ",2012
The Dark Knight Rises,4.3,87,8,"Thriller
Action",Thriller,Action,,8.5,165,3,PG-13,20-Jul-12,Warner Bros. / Legendary,"$1,084,439,099.00 ",2012
The Hobbit: An Unexpected Journey,4.1,64,6.6,"Fantasy
Adventure",Fantasy,Adventure,,8,169,4,PG-13,14-Dec-12,Warner Bros. / MGM / New Line,"$1,017,003,568.00 ",2012
The Hunger Games,4.1,84,7.2,"Sci-Fi
Adventure",Sci-Fi,Adventure,,7.3,142,9,PG-13,23-Mar-12,Lionsgate,"$691,247,768.00 ",2012
The Twilight Saga: Breaking Dawn - Part 2,3.8,48,5.2,"Fantasy
Drama
Adventure",Fantasy,Drama,Adventure,5.6,115,6,PG-13,16-Nov-12,Lionsgate / Summit,"$829,685,377.00 ",2012
Cars 2,3.3,39,5.5,"Comedy
Animation
Adventure",Comedy,Animation,Adventure,6.3,106,10,G,24-Jun-11,Walt Disney Pictures / Pixar,"$559,852,396.00 ",2011
Fast Five,4,78,6.4,"Thriller
Crime
Action",Thriller,Crime,Action,7.3,131,7,PG-13,29-Apr-11,Universal,"$626,137,675.00 ",2011
Harry Potter and the Deathly Hallows - Part 2,4.3,96,8.3,"Mystery
Fantasy
Adventure",Mystery,Fantasy,Adventure,8.1,130,1,PG-13,15-Jul-11,Warner Bros.,"$1,341,511,219.00 ",2011
Kung Fu Panda 2,3.8,81,6.9,"Animation
Adventure
Action",Animation,Adventure,Action,7.3,91,6,PG,26-May-11,Paramount / DreamWorks,"$665,692,281.00 ",2011
Mission: Impossible - Ghost Protocol,3.9,93,7.7,"Thriller
Adventure
Action",Thriller,Adventure,Action,7.4,133,5,PG-13,21-Dec-11,Paramount,"$694,713,380.00 ",2011
Pirates of the Caribbean: On Stranger Tides,3.5,33,5.1,"Fantasy
Adventure
Action",Fantasy,Adventure,Action,6.7,136,3,PG-13,20-May-11,Walt Disney Pictures,"$1,045,713,802.00 ",2011
The Hangover Part II,3.4,34,5,Comedy,Comedy,,,6.5,102,8,R,26-May-11,Warner Bros.,"$586,764,305.00 ",2011
The Smurfs,3.1,22,4,"Comedy
Animation
Adventure",Comedy,Animation,Adventure,5.5,103,9,PG,29-Jul-11,Columbia / Sony Pictures,"$563,749,323.00 ",2011
The Twilight Saga: Breaking Dawn - Part 1,4.5,0,0,"Fantasy
Drama
Adventure",Fantasy,Drama,Adventure,4.9,117,4,PG-13,18-Nov-11,Summit,"$712,171,856.00 ",2011
Transformers: Dark of the Moon,3.5,35,4.9,"Sci-Fi
Adventure
Action",Sci-Fi,Adventure,Action,6.3,154,2,PG-13,29-Jun-11,Paramount,"$1,123,794,079.00 ",2011
Alice in Wonderland,3.5,51,5.7,"Fantasy
Family
Adventure",Fantasy,Family,Adventure,6.5,108,2,PG,5-Mar-10,Walt Disney Pictures,"$1,025,467,110.00 ",2010
Despicable Me,4,81,6.8,"Family
Comedy
Animation",Family,Comedy,Animation,7.7,95,9,PG,9-Jul-10,Universal / Illumination,"$543,113,985.00 ",2010
Harry Potter and the Deathly Hallows - Part 1,4.1,78,7.1,"Fantasy
Family
Adventure",Fantasy,Family,Adventure,7.7,146,3,PG-13,19-Nov-10,Warner Bros.,"$960,283,305.00 ",2010
How to Train Your Dragon,4.2,98,7.9,"Family
Animation
Adventure",Family,Animation,Adventure,8.2,98,10,PG,26-Mar-10,Paramount / DreamWorks,"$494,878,759.00 ",2010
Inception,4.2,86,8,"Sci-Fi
Mystery
Action",Sci-Fi,Mystery,Action,8.8,148,4,PG-13,16-Jul-10,Warner Bros. / Legendary,"$825,531,030.00 ",2010
Iron Man 2,3.7,73,6.5,"Sci-Fi
Adventure
Action",Sci-Fi,Adventure,Action,7.1,124,7,PG-13,7-May-10,Paramount / Marvel,"$623,933,331.00 ",2010
Shrek Forever After,3.5,58,5.9,"Comedy
Animation
Adventure",Comedy,Animation,Adventure,6.4,93,5,PG,21-May-10,Paramount / DreamWorks,"$752,600,867.00 ",2010
Tangled,4.1,90,7.5,"Family
Comedy
Animation",Family,Comedy,Animation,7.8,100,8,PG,24-Nov-10,Disney,"$591,794,936.00 ",2010
The Twilight Saga: Eclipse,3.6,49,5.4,"Fantasy
Drama
Adventure",Fantasy,Drama,Adventure,4.9,124,6,PG-13,30-Jun-10,Summit Entertainment,"$698,491,347.00 ",2010
Toy Story 3,4.3,99,8.9,"Comedy
Animation
Adventure",Comedy,Animation,Adventure,8.4,103,1,G,18-Jun-10,Walt Disney Pictures / Pixar,"$1,063,171,911.00 ",2010
2012,3.2,39,5,"Sci-Fi
Adventure
Action",Sci-Fi,Adventure,Action,5.8,158,5,PG-13,13-Nov-09,Columbia,"$769,304,749.00 ",2009
Angels & Demons,3.4,37,5.1,"Thriller
Mystery",Thriller,Mystery,,6.7,138,9,PG-13,12-Dec-80,Columbia / Imagine,"$485,930,816.00 ",2009
Avatar,4.1,83,7.4,"Fantasy
Adventure
Action",Fantasy,Adventure,Action,7.9,162,1,PG-13,18-Dec-09,Fox,"$2,749,064,328.00 ",2009
Harry Potter and the Half-Blood Prince,3.8,84,7.2,"Fantasy
Family
Adventure",Fantasy,Family,Adventure,7.5,153,2,PG,15-Jul-09,Warner Bros.,"$934,416,487.00 ",2009
Ice Age: Dawn of the Dinosaurs,3.6,45,5.4,"Animation
Adventure
Action",Animation,Adventure,Action,7,94,3,PG,1-Jul-09,Fox / Blue Sky,"$886,686,817.00 ",2009
Sherlock Holmes,3.7,70,6.2,"Crime
Adventure
Action",Crime,Adventure,Action,7.6,128,8,PG-13,25-Dec-09,Warner Bros.,"$524,028,679.00 ",2009
The Hangover,4,79,6.8,Comedy,Comedy,,,7.8,100,10,R,5-Jun-09,Warner Bros. / Legendary,"$467,483,912.00 ",2009
The Twilight Saga: New Moon,3.6,28,4.7,"Fantasy
Drama
Adventure",Fantasy,Drama,Adventure,4.6,130,7,PG-13,20-Nov-09,Summit,"$709,827,462.00 ",2009
Transformers: Revenge of the Fallen,3.5,19,3.9,"Sci-Fi
Adventure
Action",Sci-Fi,Adventure,Action,6,150,4,PG-13,24-Jun-09,Paramount / DreamWorks,"$836,303,693.00 ",2009
Up,3.8,98,8.7,"Comedy
Animation
Adventure",Comedy,Animation,Adventure,8.3,96,6,PG,29-May-09,Disney / Pixar,"$731,342,744.00 ",2009
Hancock,3.6,41,5.4,"Fantasy
Action",Fantasy,Action,,6.5,92,4,PG-13,2-Jul-08,Columbia,"$624,386,746.00 ",2008
Indiana Jones and the Kingdom of the Crystal Skull,3.3,78,6.9,"Adventure
Action",Adventure,Action,,6.2,122,2,PG-13,22-May-08,Paramount / Lucasfilm,"$786,636,033.00 ",2008
Iron Man,4.2,93,7.6,"Sci-Fi
Adventure
Action",Sci-Fi,Adventure,Action,7.9,126,8,PG-13,2-May-08,Paramount / Marvel Studios,"$585,174,222.00 ",2008
Kung Fu Panda,3.9,87,7.2,"Animation
Adventure
Action",Animation,Adventure,Action,7.6,92,3,PG,6-Jun-08,Paramount / DreamWorks,"$631,744,560.00 ",2008
Madagascar: Escape 2 Africa,3.6,64,5.9,"Animation
Adventure
Action",Animation,Adventure,Action,6.7,89,6,PG,7-Nov-08,Paramount / DreamWorks,"$603,900,354.00 ",2008
Mamma Mia!,3.6,54,5.5,"Romance
Musical
Comedy",Romance,Musical,Comedy,6.4,108,5,PG-13,18-Jul-08,Universal,"$609,827,661.00 ",2008
Quantum of Solace,3.4,65,6.1,"Adventure
Action",Adventure,Action,,6.7,106,7,PG-13,14-Nov-08,MGM / Columbia,"$586,090,727.00 ",2008
The Chronicles of Narnia: Prince Caspian,3.7,67,6.3,"Family
Adventure
Action",Family,Adventure,Action,6.6,150,10,PG,16-May-08,Disney / Walden Media,"$419,665,568.00 ",2008
The Dark Knight,4.4,94,8.6,"Drama
Crime
Action",Drama,Crime,Action,9,152,1,PG-13,18-Jul-08,Warner Bros. / Legendary,"$997,000,000.00 ",2008
WALL-E,4.2,96,8.5,"Family
Animation
Adventure",Family,Animation,Adventure,8.4,98,9,G,27-Jun-08,Disney / Pixar,"$521,311,860.00 ",2008
300,4.1,60,6.1,"War
Fantasy
Action",War,Fantasy,Action,7.8,117,10,R,9-Mar-07,Warner Bros. / Legendary,"$456,068,181.00 ",2007
Harry Potter and the Order of the Phoenix,3.9,79,6.9,"Fantasy
Family
Adventure",Fantasy,Family,Adventure,7.4,138,2,PG-13,11-Jul-07,Warner Bros.,"$939,885,929.00 ",2007
I Am Legend,3.6,70,6.4,"Thriller
Sci-Fi
Drama",Thriller,Sci-Fi,Drama,7.2,101,7,PG-13,14-Dec-07,Warner Bros.,"$585,349,010.00 ",2007
National Treasure: Book of Secrets,3.6,35,4.8,"Mystery
Adventure
Action",Mystery,Adventure,Action,6.5,124,9,PG,21-Dec-07,Disney,"$457,364,600.00 ",2007
Pirates of the Caribbean: At World's End,3.8,45,5.5,"Fantasy
Adventure
Action",Fantasy,Adventure,Action,7.1,169,1,PG-13,25-May-07,Disney,"$963,420,425.00 ",2007
Ratatouille,3.9,96,8.5,"Family
Comedy
Animation",Family,Comedy,Animation,8,111,6,G,29-Jun-07,Disney / Pixar,"$623,707,397.00 ",2007
Shrek the Third,3.4,40,5.4,"Comedy
Animation
Adventure",Comedy,Animation,Adventure,6.1,93,4,PG,18-May-07,DreamWorks / Paramount,"$798,958,162.00 ",2007
Spider-Man 3,3.3,63,6.2,"Adventure
Action",Adventure,Action,,6.2,139,3,PG-13,4-May-07,Columbia,"$890,871,626.00 ",2007
The Simpsons Movie,3.7,90,7.6,"Comedy
Animation
Adventure",Comedy,Animation,Adventure,7.4,87,8,PG-13,27-Jul-07,Fox,"$527,071,022.00 ",2007
Transformers,4.1,57,5.8,"Sci-Fi
Adventure
Action",Sci-Fi,Adventure,Action,7.2,144,5,PG-13,3-Jul-07,DreamWorks / Paramount,"$709,709,780.00 ",2007
Cars,3.7,74,6.9,"Comedy
Animation
Adventure",Comedy,Animation,Adventure,7.2,117,6,G,9-Jun-06,Disney / Pixar,"$461,983,149.00 ",2006
Casino Royale,3.9,95,7.8,"Thriller
Adventure
Action",Thriller,Adventure,Action,8,144,4,PG-13,17-Nov-06,MGM / Columbia,"$599,045,960.00 ",2006
Happy Feet,3.6,75,6.9,"Family
Comedy
Animation",Family,Comedy,Animation,6.5,108,10,PG,17-Nov-06,Warner Bros.,"$384,335,608.00 ",2006
Ice Age: The Meltdown,3.6,57,6.1,"Animation
Adventure
Action",Animation,Adventure,Action,6.9,91,3,PG,31-Mar-06,Fox / Blue Sky,"$660,940,780.00 ",2006
Mission: Impossible III,3.3,70,6.6,"Thriller
Adventure
Action",Thriller,Adventure,Action,6.8,126,8,PG-13,5-May-06,Paramount,"$397,850,012.00 ",2006
Night at the Museum,3.5,44,5.3,"Comedy
Adventure
Action",Comedy,Adventure,Action,6.4,108,5,PG,22-Dec-06,Fox,"$574,480,052.00 ",2006
Pirates of the Caribbean: Dead Man's Chest,3.9,54,6,"Fantasy
Adventure
Action",Fantasy,Adventure,Action,7.3,151,1,PG-13,7-Jul-06,Disney,"$1,066,179,725.00 ",2006
Superman Returns,3.3,76,7,"Fantasy
Adventure
Action",Fantasy,Adventure,Action,6.1,154,9,PG-13,28-Jun-06,Warner Bros. / Village Roadshow,"$391,081,192.00 ",2006
The Da Vinci Code,3.2,25,4.8,"Thriller
Mystery",Thriller,Mystery,,6.5,149,2,PG-13,19-May-06,Columbia,"$758,239,851.00 ",2006
X-Men: The Last Stand,3.6,58,5.9,"Sci-Fi
Adventure
Action",Sci-Fi,Adventure,Action,6.8,104,7,PG-13,26-May-06,Fox,"$459,359,555.00 ",2006
Batman Begins,3.9,85,7.7,"Adventure
Action",Adventure,Action,,8.3,140,9,PG-13,15-Jun-05,Warner Bros / Legendary,"$372,710,015.00 ",2005
Charlie and the Chocolate Factory,3,83,7.2,"Comedy
Adventure
Family",Comedy,Adventure,Family,6.7,115,8,PG,15-Jul-05,Warner Bros,"$474,968,763.00 ",2005
Harry Potter and the Goblet of Fire,3.4,88,7.5,"Fantasy
Family
Adventure",Fantasy,Family,Adventure,7.6,157,1,PG-13,18-Nov-05,Warner Bros.,"$895,921,036.00 ",2005
Hitch,3.4,69,6.3,"Romance
Comedy",Romance,Comedy,,6.7,118,10,PG-13,11-Feb-05,Columbia,"$368,100,420.00 ",2005
King Kong,2.8,84,7.7,"Drama
Adventure
Action",Drama,Adventure,Action,7.3,187,5,PG-13,14-Dec-05,Universal,"$550,517,357.00 ",2005
Madagascar,3.4,55,6.1,"Comedy
Animation
Adventure",Comedy,Animation,Adventure,6.9,86,6,PG,27-May-05,DreamWorks,"$532,680,671.00 ",2005
Mr. & Mrs. Smith,3.4,59,6,"Crime
Comedy
Action",Crime,Comedy,Action,6.5,120,7,PG-13,10-Jun-05,20th Century Fox,"$478,207,520.00 ",2005
Star Wars Episode III: Revenge of the Sith,3.1,80,7.2,"Fantasy
Adventure
Action",Fantasy,Adventure,Action,7.7,140,2,PG-13,19-May-05,20th Century Fox / Lucasfilm,"$848,754,768.00 ",2005
"The Chronicles of Narnia: The Lion, the Witch and the Wardrobe",3.1,76,6.9,"Fantasy
Family
Adventure",Fantasy,Family,Adventure,6.9,143,3,PG,9-Dec-05,Disney,"$745,011,272.00 ",2005
War of the Worlds,2.9,74,7,"Thriller
Sci-Fi
Adventure",Thriller,Sci-Fi,Adventure,6.5,116,4,PG-13,29-Jun-05,Paramount / DreamWorks,"$591,745,540.00 ",2005
Harry Potter and the Prisoner of Azkaban,3.8,91,7.9,"Fantasy
Family
Adventure",Fantasy,Family,Adventure,7.8,142,2,PG,4-Jun-04,Warner Bros.,"$795,634,069.00 ",2004
Meet the Fockers,3.5,38,5.2,"Romance
Comedy",Romance,Comedy,,6.3,115,7,PG-13,22-Dec-04,Universal / DreamWorks,"$516,642,939.00 ",2004
Ocean's Twelve,3.3,55,5.9,"Thriller
Crime",Thriller,Crime,,6.4,125,10,PG-13,10-Dec-04,Warner Bros.,"$362,744,280.00 ",2004
Shark Tale,3.2,35,5.2,"Comedy
Adventure
Animation",Comedy,Adventure,Animation,6,90,9,PG,1-Oct-04,DreamWorks,"$367,275,019.00 ",2004
Shrek 2,3.5,88,7.7,"Comedy
Animation
Adventure",Comedy,Animation,Adventure,7.2,93,1,PG,19-May-04,DreamWorks,"$919,838,758.00 ",2004
Spider-Man 2,3.5,94,8.3,"Adventure
Action",Adventure,Action,,7.3,127,3,PG-13,30-Jun-04,Columbia,"$783,766,341.00 ",2004
The Day After Tomorrow,3.2,45,5.3,"Sci-Fi
Adventure
Action",Sci-Fi,Adventure,Action,6.4,124,6,PG-13,28-May-04,Fox,"$544,272,402.00 ",2004
The Incredibles,3.4,97,8.3,"Animation
Adventure
Action",Animation,Adventure,Action,8,115,4,PG,5-Nov-04,Disney / Pixar,"$631,442,092.00 ",2004
The Passion of the Christ,3.7,49,5.9,Drama,Drama,,,7.1,127,5,R,25-Feb-04,Icon / Newmarket,"$611,899,420.00 ",2004
Troy,3.5,54,6,Adventure,Adventure,,,7.2,163,8,R,14-May-04,Warner Bros.,"$497,409,852.00 ",2004
Bad Boys II,3.6,23,4.1,"Crime
Comedy
Action",Crime,Comedy,Action,6.5,147,10,R,18-Jul-03,Columbia,"$273,339,556.00 ",2003
Bruce Almighty,3.3,48,5.6,"Fantasy
Drama
Comedy",Fantasy,Drama,Comedy,6.7,101,5,PG-13,23-May-03,Universal,"$484,592,874.00 ",2003
Finding Nemo,3.8,99,8.6,"Comedy
Animation
Adventure",Comedy,Animation,Adventure,8.2,100,2,G,30-May-03,Disney / Pixar,"$867,893,978.00 ",2003
Pirates of the Caribbean: The Curse of the Black Pearl,3.9,79,7.1,"Fantasy
Adventure",Fantasy,Adventure,,8.1,143,4,PG-13,9-Jul-03,Disney,"$654,264,015.00 ",2003
Terminator 3: Rise of the Machines,3.1,70,6.6,"Sci-Fi
Action",Sci-Fi,Action,,6.4,109,7,R,2-Jul-03,Warner Bros. / Columbia,"$433,371,112.00 ",2003
The Last Samurai,3.7,65,6.4,"History
Drama
Action",History,Drama,Action,7.7,154,6,R,5-Dec-03,Warner Bros.,"$456,758,981.00 ",2003
The Lord of the Rings: The Return of the King,3.7,95,8.7,"Fantasy
Adventure
Western",Fantasy,Adventure,Western,8.9,201,1,PG-13,17-Dec-03,New Line,"$1,119,929,521.00 ",2003
The Matrix Reloaded,3.4,73,6.8,"Sci-Fi
Action",Sci-Fi,Action,,7.2,138,3,R,15-May-03,Warner Bros.,"$742,128,461.00 ",2003
The Matrix Revolutions,3.4,36,5.3,"Sci-Fi
Action",Sci-Fi,Action,,6.7,129,8,R,5-Nov-03,Warner Bros.,"$427,343,298.00 ",2003
X2,3.7,87,7.4,"Sci-Fi
Adventure
Action",Sci-Fi,Adventure,Action,7.5,134,9,PG-13,2-May-03,Fox,"$407,711,549.00 ",2003
Die Another Day,3.1,57,6.1,"Crime
Adventure
Action",Crime,Adventure,Action,6.1,133,6,PG-13,22-Nov-02,MGM,"$431,971,116.00 ",2002
Harry Potter and the Chamber of Secrets,3.7,82,7.2,"Fantasy
Family
Adventure",Fantasy,Family,Adventure,7.3,161,2,PG,15-Nov-02,Warner Bros.,"$878,643,482.00 ",2002
Ice Age,3.6,77,6.8,"Comedy
Animation
Adventure",Comedy,Animation,Adventure,7.6,81,8,PG,15-Mar-02,20th Century Fox / Blue Sky,"$383,257,136.00 ",2002
Men in Black II,3.1,39,5.2,"Fantasy
Comedy
Action",Fantasy,Comedy,Action,6,88,5,PG-13,3-Jul-02,Columbia,"$441,818,803.00 ",2002
Minority Report,3.4,90,8.1,"Sci-Fi
Mystery
Action",Sci-Fi,Mystery,Action,7.7,145,10,PG-13,21-Jun-02,DreamWorks / 20th Century Fox,"$358,372,926.00 ",2002
My Big Fat Greek Wedding,3.2,76,6.7,"Romance
Comedy",Romance,Comedy,,6.6,95,9,PG,2-Aug-02,IFC Films,"$368,744,044.00 ",2002
Signs,3.2,74,6.8,"Thriller
Sci-Fi
Drama",Thriller,Sci-Fi,Drama,6.7,106,7,PG-13,2-Aug-02,Touchstone,"$408,247,917.00 ",2002
Spider-Man,3.3,89,7.6,"Adventure
Action",Adventure,Action,,7.3,121,3,PG-13,3-May-02,Columbia / Marvel,"$821,708,551.00 ",2002
Star Wars Episode II: Attack of the Clones,3.3,67,6.6,"Fantasy
Adventure
Action",Fantasy,Adventure,Action,6.7,142,4,PG,16-May-02,20th Century Fox / Lucasfilm,"$649,398,328.00 ",2002
The Lord of the Rings: The Two Towers,4.1,96,8.5,"Fantasy
Adventure",Fantasy,Adventure,,8.7,179,1,PG-13,18-Dec-02,New Line Cinema,"$926,287,400.00 ",2002
Hannibal,3.4,39,5.1,"Thriller
Drama
Crime",Thriller,Drama,Crime,6.7,131,10,R,9-Feb-01,MGM / Universal,"$351,692,268.00 ",2001
Harry Potter and the Sorcerer's Stone,3.7,80,7.1,"Fantasy
Family
Adventure",Fantasy,Family,Adventure,7.5,152,1,PG,16-Nov-01,Warner Bros.,"$974,733,550.00 ",2001
Jurassic Park III,3,49,5.2,"Sci-Fi
Adventure
Action",Sci-Fi,Adventure,Action,5.9,92,8,PG-13,18-Jul-01,Universal,"$368,780,809.00 ",2001
"Monsters, Inc.",3.8,96,8,"Comedy
Animation
Adventure",Comedy,Animation,Adventure,8.1,92,3,G,2-Nov-01,Disney / Pixar,"$525,366,597.00 ",2001
Ocean's Eleven,3.6,82,6.9,"Thriller
Crime",Thriller,Crime,,7.8,116,5,PG-13,7-Dec-01,Warner Bros,"$450,717,150.00 ",2001
Pearl Harbor,3.3,25,4.6,"Romance
Drama
Action",Romance,Drama,Action,6,183,6,PG-13,25-May-01,Touchstone,"$449,220,945.00 ",2001
Planet of the Apes,2.7,45,5.5,"Sci-Fi
Adventure
Action",Sci-Fi,Adventure,Action,5.7,119,9,PG-13,27-Jul-01,20th Century Fox,"$362,211,740.00 ",2001
Shrek,3.9,87,7.7,"Comedy
Animation
Adventure",Comedy,Animation,Adventure,7.9,90,4,PG,18-May-01,DreamWorks,"$484,409,218.00 ",2001
The Lord of the Rings: The Fellowship of the Ring,4.1,91,8.2,"Fantasy
Adventure",Fantasy,Adventure,,8.8,178,2,PG-13,19-Dec-01,New Line Cinema,"$870,761,744.00 ",2001
The Mummy Returns,3.3,47,5.2,"Fantasy
Adventure
Action",Fantasy,Adventure,Action,6.3,130,7,PG-13,4-May-01,Universal,"$433,013,274.00 ",2001
Cast Away,3.5,90,7.4,"Drama
Adventure",Drama,Adventure,,7.7,143,3,PG-13,22-Dec-00,Fox,"$429,632,142.00 ",2000
Dinosaur,3,65,6.2,"Family
Animation
Adventure",Family,Animation,Adventure,6.4,82,5,PG,19-May-00,Disney,"$349,822,765.00 ",2000
Gladiator,3.8,76,7.2,"Drama
Action",Drama,Action,,8.5,155,2,R,5-May-00,DreamWorks / Universal,"$457,640,427.00 ",2000
How the Grinch Stole Christmas,3.2,53,5.6,"Fantasy
Family
Comedy",Fantasy,Family,Comedy,6,104,6,PG,17-Nov-00,Universal,"$345,141,403.00 ",2000
Meet the Parents,3.6,84,6.9,Comedy,Comedy,,,7,108,7,PG-13,6-Oct-00,Universal / DreamWorks,"$330,444,045.00 ",2000
Mission: Impossible II,3,57,6,"Thriller
Adventure
Action",Thriller,Adventure,Action,6,123,1,PG-13,24-May-00,Paramount,"$546,388,105.00 ",2000
The Perfect Storm,3.2,47,5.5,"Drama
Adventure
Action",Drama,Adventure,Action,6.4,130,8,PG-13,30-Jun-00,Warner Bros.,"$328,718,434.00 ",2000
What Lies Beneath,3.1,46,5.5,"Mystery
Horror
Drama",Mystery,Horror,Drama,6.6,130,10,PG-13,21-Jul-00,DreamWorks / Fox,"$291,420,351.00 ",2000
What Women Want,3.1,54,5.7,"Romance
Fantasy
Comedy",Romance,Fantasy,Comedy,6.4,127,4,PG-13,15-Dec-00,Paramount,"$374,111,707.00 ",2000
X-Men,3.7,82,7,"Sci-Fi
Adventure
Action",Sci-Fi,Adventure,Action,7.4,104,9,PG-13,14-Jul-00,Fox,"$296,339,527.00 ",2000
American Beauty,3.8,88,8.2,"Romance
Drama",Romance,Drama,,8.4,122,9,R,1-Oct-99,DreamWorks Pictures,"$356,296,601.00 ",1999
Austin Powers: The Spy Who Shagged Me,3.3,51,6,"Comedy
Adventure
Action",Comedy,Adventure,Action,6.6,95,10,PG-13,11-Jun-99,New Line Cinema,"$312,016,858.00 ",1999
Notting Hill,3.3,83,7.1,"Romance
Drama
Comedy",Romance,Drama,Comedy,7,124,7,PG-13,28-May-99,Universal Pictures,"$363,889,678.00 ",1999
Star Wars Episode I: The Phantom Menace,3.3,57,5.8,"Fantasy
Adventure
Action",Fantasy,Adventure,Action,6.6,136,1,PG,19-May-99,20th Century Fox / Lucasfilm,"$924,317,558.00 ",1999
Tarzan,3.2,88,7.6,"Drama
Animation
Adventure",Drama,Animation,Adventure,7.2,88,5,G,18-Jun-99,Walt Disney Pictures,"$448,191,819.00 ",1999
The Matrix,3.6,87,7.6,"Sci-Fi
Action",Sci-Fi,Action,,8.7,136,4,R,31-Mar-99,Warner Bros.,"$460,379,930.00 ",1999
The Mummy,3.4,55,5.7,"Fantasy
Adventure
Action",Fantasy,Adventure,Action,7,125,6,PG-13,7-May-99,Universal Pictures,"$415,933,406.00 ",1999
The Sixth Sense,3.8,85,7.6,"Thriller
Mystery
Drama",Thriller,Mystery,Drama,8.2,107,2,PG-13,6-Aug-99,Hollywood Pictures,"$672,806,292.00 ",1999
The World Is Not Enough,3,51,5.7,"Crime
Adventure
Action",Crime,Adventure,Action,6.4,128,8,PG-13,19-Nov-99,Metro-Goldwyn-Mayer,"$361,832,400.00 ",1999
Toy Story 2,3.5,100,8.6,"Comedy
Animation
Adventure",Comedy,Animation,Adventure,7.9,92,3,G,24-Nov-99,Walt Disney Pictures / Pixar,"$485,015,179.00 ",1999
A Bug's Life,3.3,92,7.9,"Comedy
Animation
Adventure",Comedy,Animation,Adventure,7.2,95,5,G,25-Nov-98,Walt Disney Pictures / Pixar,"$363,398,565.00 ",1998
Armageddon,3.5,39,5.2,"Sci-Fi
Adventure
Action",Sci-Fi,Adventure,Action,6.6,151,1,PG-13,1-Jul-98,Touchstone Pictures,"$553,709,788.00 ",1998
Deep Impact,2.9,48,5.8,"Sci-Fi
Drama
Action",Sci-Fi,Drama,Action,6.1,120,6,PG-13,8-May-98,DreamWorks Pictures / Paramount Pictures,"$349,464,664.00 ",1998
Dr. Dolittle,2.8,43,5.3,"Fantasy
Family
Comedy",Fantasy,Family,Comedy,5.3,85,8,PG-13,26-Jun-98,20th Century Fox,"$294,456,605.00 ",1998
Godzilla,2.5,16,4,"Thriller
Sci-Fi
Action",Thriller,Sci-Fi,Action,5.3,139,3,PG-13,20-May-98,TriStar Pictures,"$379,014,294.00 ",1998
Lethal Weapon 4,3.3,52,5.8,"Thriller
Crime
Action",Thriller,Crime,Action,6.6,127,10,R,10-Jul-98,Warner Bros.,"$285,444,603.00 ",1998
Mulan,3.4,86,7.5,"Family
Animation
Adventure",Family,Animation,Adventure,7.5,88,7,G,19-Jun-98,Walt Disney Pictures,"$304,320,254.00 ",1998
Saving Private Ryan,4,93,8.6,"War
Drama
Action",War,Drama,Action,8.6,169,2,R,24-Jul-98,DreamWorks Pictures / Paramount Pictures,"$481,840,909.00 ",1998
Shakespeare in Love,3.4,92,8.3,"Romance
Drama
Comedy",Romance,Drama,Comedy,7.2,123,9,R,8-Jan-99,Miramax Films / Universal Pictures,"$289,317,794.00 ",1998
There's Something About Mary,3.3,83,7,"Romance
Comedy",Romance,Comedy,,7.1,119,4,R,15-Jul-98,20th Century Fox,"$369,884,651.00 ",1998
Air Force One,3.2,79,7,"Drama
Adventure
Action",Drama,Adventure,Action,6.4,124,5,R,25-Jul-97,Columbia Pictures,"$315,156,409.00 ",1997
As Good as It Gets,3.5,86,7.2,"Romance
Drama
Comedy",Romance,Drama,Comedy,7.8,139,6,PG-13,25-Dec-97,TriStar Pictures,"$314,178,011.00 ",1997
Liar Liar,3.4,81,6.9,Comedy,Comedy,,,6.8,86,7,PG-13,21-Mar-97,Universal Pictures,"$302,710,615.00 ",1997
Men in Black,3.5,92,7.5,"Sci-Fi
Comedy",Sci-Fi,Comedy,,7.2,98,3,PG-13,2-Jul-97,Columbia Pictures,"$589,390,539.00 ",1997
My Best Friend's Wedding,3.3,71,6.4,"Romance
Comedy",Romance,Comedy,,6.3,105,8,PG-13,20-Jun-97,TriStar Pictures,"$299,288,605.00 ",1997
The Fifth Element,3.7,71,6.3,"Sci-Fi
Adventure
Action",Sci-Fi,Adventure,Action,7.6,126,9,PG-13,9-May-97,Columbia Pictures,"$263,920,180.00 ",1997
The Full Monty,3.3,95,7.6,"Music
Drama
Comedy",Music,Drama,Comedy,7.2,91,10,R,19-Sep-97,Fox Searchlight Pictures,"$257,850,122.00 ",1997
The Lost World: Jurassic Park,3.2,52,5.6,"Sci-Fi
Adventure
Action",Sci-Fi,Adventure,Action,6.5,129,2,PG-13,23-May-97,Universal Pictures,"$618,638,999.00 ",1997
Titanic,3.3,88,8,"Romance
Drama",Romance,Drama,,7.7,194,1,PG-13,19-Dec-97,Paramount Pictures / 20th Century Fox,"$1,843,201,268.00 ",1997
Tomorrow Never Dies,3.1,57,6,"Thriller
Adventure
Action",Thriller,Adventure,Action,6.5,119,4,PG-13,19-Dec-97,United Artists,"$333,011,068.00 ",1997
101 Dalmatians,2.9,38,5.3,"Family
Comedy
Adventure",Family,Comedy,Adventure,5.6,103,6,G,27-Nov-96,Walt Disney Pictures,"$320,689,294.00 ",1996
Eraser,2.8,36,4.9,"Mystery
Drama
Action",Mystery,Drama,Action,6,115,10,R,21-Jun-96,Warner Bros.,"$242,295,562.00 ",1996
Independence Day,3.5,60,6.3,"Sci-Fi
Adventure
Action",Sci-Fi,Adventure,Action,6.9,145,1,PG-13,3-Jul-96,20th Century Fox,"$817,400,891.00 ",1996
Jerry Maguire,3.3,85,7.4,"Romance
Drama
Comedy",Romance,Drama,Comedy,7.3,139,9,R,13-Dec-96,TriStar Pictures,"$273,552,592.00 ",1996
Mission: Impossible,3.3,61,5.9,"Thriller
Adventure
Action",Thriller,Adventure,Action,7.1,110,3,PG-13,22-May-96,Paramount Pictures,"$457,696,359.00 ",1996
Ransom,3.1,75,6.6,"Thriller
Crime",Thriller,Crime,,6.6,121,7,R,8-Nov-96,Touchstone Pictures / Imagine Entertainment,"$309,492,681.00 ",1996
The Hunchback of Notre Dame,3.1,73,7.1,"Family
Drama
Animation",Family,Drama,Animation,6.9,91,5,G,21-Jun-96,Walt Disney Pictures,"$325,338,851.00 ",1996
The Nutty Professor,2.9,65,5.9,"Sci-Fi
Romance
Comedy",Sci-Fi,Romance,Comedy,5.5,95,8,PG-13,28-Jun-96,Universal Pictures,"$273,961,019.00 ",1996
The Rock,3.6,66,6.6,"Thriller
Adventure
Action",Thriller,Adventure,Action,7.4,136,4,R,7-Jun-96,Hollywood Pictures,"$335,062,621.00 ",1996
Twister,3.2,57,6,"Drama
Adventure
Action",Drama,Adventure,Action,6.2,113,2,PG-13,10-May-96,Warner Bros. / Universal Pictures,"$494,471,524.00 ",1996
Apollo 13,3.6,95,8.1,"History
Drama
Adventure",History,Drama,Adventure,7.6,140,3,PG,30-Jun-95,Universal Pictures / Imagine Entertainment,"$353,471,312.00 ",1995
Batman Forever,2.9,41,5.2,"Fantasy
Adventure
Action",Fantasy,Adventure,Action,5.4,121,6,PG-13,16-Jun-95,Warner Bros. / PolyGram,"$336,529,144.00 ",1995
Casper,3,44,4.8,"Fantasy
Family
Comedy",Fantasy,Family,Comedy,6,100,8,PG,26-May-95,Universal Pictures,"$287,928,194.00 ",1995
Die Hard with a Vengeance,3.6,51,5.7,"Thriller
Adventure
Action",Thriller,Adventure,Action,7.6,131,1,R,19-May-95,20th Century Fox / Cinergi Pictures,"$366,101,766.00 ",1995
GoldenEye,3.4,82,6.9,"Thriller
Adventure
Action",Thriller,Adventure,Action,7.2,130,4,PG-13,17-Nov-95,United Artists,"$352,194,034.00 ",1995
Jumanji,3.2,50,5.6,"Fantasy
Family
Adventure",Fantasy,Family,Adventure,6.8,104,10,PG,15-Dec-95,TriStar Pictures,"$262,797,249.00 ",1995
Pocahontas,3.2,56,6,"Drama
Animation
Adventure",Drama,Animation,Adventure,6.6,81,5,G,23-Jun-95,Walt Disney Pictures,"$346,079,773.00 ",1995
Seven,4.1,79,7.6,"Mystery
Drama
Thriller",Mystery,Drama,Thriller,8.7,127,7,R,22-Sep-95,New Line Cinema,"$327,311,859.00 ",1995
Toy Story,3.7,100,9,"Comedy
Animation
Adventure",Comedy,Animation,Adventure,8.3,81,2,G,22-Nov-95,Walt Disney Pictures / Pixar,"$361,958,736.00 ",1995
Waterworld,2.6,42,5.2,"Sci-Fi
Adventure
Action",Sci-Fi,Adventure,Action,6.1,135,9,PG-13,28-Jul-95,Universal Pictures,"$264,218,220.00 ",1995
Clear and Present Danger,3.4,82,6.9,"Drama
Crime
Action",Drama,Crime,Action,6.9,141,10,PG-13,3-Aug-94,Paramount Pictures,"$215,887,717.00 ",1994
Dumb and Dumber,3.3,66,5.9,Comedy,Comedy,,,7.3,107,7,PG-13,16-Dec-94,New Line Cinema,"$247,275,374.00 ",1994
Forrest Gump,4.1,72,7.2,"Romance
Drama",Romance,Drama,,8.8,142,2,PG-13,6-Jul-94,Paramount Pictures,"$677,387,716.00 ",1994
Four Weddings and a Funeral,3.2,95,7.6,"Romance
Drama
Comedy",Romance,Drama,Comedy,7.1,117,8,R,15-Apr-94,Gramercy Pictures / PolyGram,"$245,700,832.00 ",1994
Interview with the Vampire: The Vampire Chronicles,3.7,61,5.9,"Romance
Horror",Romance,Horror,,7.6,123,9,R,11-Nov-94,Warner Bros. / Geffen Pictures,"$223,664,608.00 ",1994
Speed,3.3,93,7.9,"Thriller
Crime
Action",Thriller,Crime,Action,7.2,116,5,R,10-Jun-94,20th Century Fox,"$350,448,145.00 ",1994
The Flintstones,2.5,21,3.7,"Fantasy
Family
Comedy",Fantasy,Family,Comedy,4.8,91,6,PG,27-May-94,Universal Pictures / Amblin Entertainment,"$341,631,208.00 ",1994
The Lion King,4,90,8.2,"Drama
Animation
Adventure",Drama,Animation,Adventure,8.5,89,1,G,24-Jun-94,Walt Disney Pictures,"$768,625,889.00 ",1994
The Mask,3.2,77,6.4,"Fantasy
Crime
Comedy",Fantasy,Crime,Comedy,6.8,101,4,PG-13,29-Jul-94,New Line Cinema,"$351,583,407.00 ",1994
True Lies,3.2,72,6.6,"Thriller
Comedy
Action",Thriller,Comedy,Action,7.2,141,3,R,15-Jul-94,20th Century Fox,"$378,882,411.00 ",1994
Cliffhanger,2.8,69,6.2,"Thriller
Adventure
Action",Thriller,Adventure,Action,6.3,112,7,R,28-May-93,TriStar Pictures / Carolco Pictures,"$255,000,211.00 ",1993
Indecent Proposal,2.9,37,4.6,"Romance
Drama",Romance,Drama,,5.8,117,6,R,7-Apr-93,Paramount Pictures,"$266,614,059.00 ",1993
Jurassic Park,3.6,93,8.3,"Thriller
Sci-Fi
Adventure",Thriller,Sci-Fi,Adventure,8,127,1,PG-13,11-Jun-93,Universal Pictures / Amblin Entertainment,"$914,691,118.00 ",1993
Mrs. Doubtfire,3.4,71,5.8,"Family
Drama
Comedy",Family,Drama,Comedy,6.9,125,2,PG-13,24-Nov-93,20th Century Fox,"$441,286,195.00 ",1993
Philadelphia,3.7,78,6.6,Drama,Drama,,,7.7,125,9,PG-13,14-Jan-94,TriStar Pictures,"$206,678,440.00 ",1993
Schindler's List,4.3,96,9,"History
Drama
Biography",History,Drama,Biography,8.9,195,4,R,4-Feb-94,Universal Pictures / Amblin Entertainment,"$321,306,305.00 ",1993
Sleepless in Seattle,3.3,72,6.5,"Romance
Drama
Comedy",Romance,Drama,Comedy,6.8,105,8,PG,25-Jun-93,TriStar Pictures,"$227,799,884.00 ",1993
The Firm,3.2,75,6.2,"Thriller
Mystery
Drama",Thriller,Mystery,Drama,6.8,154,5,R,30-Jun-93,Paramount Pictures,"$270,248,367.00 ",1993
The Fugitive,3.6,96,7.9,"Crime
Adventure
Action",Crime,Adventure,Action,7.8,130,3,PG-13,6-Aug-93,Warner Bros.,"$368,875,760.00 ",1993
The Pelican Brief,3.2,52,5.5,"Drama
Crime
Action",Drama,Crime,Action,6.5,141,10,PG-13,17-Dec-93,Warner Bros.,"$195,268,056.00 ",1993
A Few Good Men,3.6,81,7,"Thriller
Drama",Thriller,Drama,,7.6,138,7,R,11-Dec-92,Columbia Pictures / Castle Rock Entertainment,"$243,240,178.00 ",1992
Aladdin,3.7,94,8.1,"Comedy
Animation
Adventure",Comedy,Animation,Adventure,8,90,1,G,25-Nov-92,Walt Disney Pictures,"$504,050,219.00 ",1992
Basic Instinct,3.1,54,5.9,"Thriller
Mystery
Drama",Thriller,Mystery,Drama,6.9,127,4,R,20-Mar-92,TriStar Pictures / Carolco Pictures,"$352,927,224.00 ",1992
Batman Returns,3.3,80,6.7,Action,Action,,,7,126,6,PG-13,19-Jun-92,Warner Bros. / PolyGram,"$266,822,354.00 ",1992
Bram Stoker's Dracula,3.6,79,6.5,"Romance
Horror",Romance,Horror,,7.5,128,9,R,13-Nov-92,Columbia Pictures,"$215,862,692.00 ",1992
Home Alone 2: Lost in New York,3,24,3.6,"Family
Comedy
Adventure",Family,Comedy,Adventure,6.5,120,3,PG,20-Nov-92,20th Century Fox,"$358,994,850.00 ",1992
Lethal Weapon 3,3.2,56,5.5,"Thriller
Crime
Action",Thriller,Crime,Action,6.7,118,5,R,15-May-92,Warner Bros.,"$321,731,527.00 ",1992
Sister Act,3.1,71,5.7,"Music
Comedy",Music,Comedy,,6.2,100,8,PG,29-May-92,Touchstone Pictures,"$231,605,150.00 ",1992
The Bodyguard,3,32,4.8,"Music
Drama
Action",Music,Drama,Action,6.1,129,2,R,25-Nov-92,Warner Bros.,"$411,006,740.00 ",1992
Wayne's World,3.4,85,6.8,"Music
Comedy",Music,Comedy,,7,94,10,PG-13,14-Feb-92,Paramount Pictures,"$183,097,323.00 ",1992
Beauty and the Beast,3.7,93,8.4,"Fantasy
Family
Animation",Fantasy,Family,Animation,8,84,3,G,22-Nov-91,Walt Disney Pictures,"$351,863,363.00 ",1991
Cape Fear,3.5,76,7.1,"Thriller
Crime",Thriller,Crime,,7.3,128,8,R,15-Nov-91,Universal Pictures,"$182,291,969.00 ",1991
City Slickers,3.1,90,7,"Western
Comedy",Western,Comedy,,6.7,113,10,PG-13,7-Jun-91,Columbia Pictures / Castle Rock Entertainment / Nelson Entertainment,"$179,033,791.00 ",1991
Hook,3.3,30,4.4,"Family
Comedy
Adventure",Family,Comedy,Adventure,6.7,142,4,PG,11-Dec-91,TriStar Pictures / Amblin Entertainment,"$300,854,823.00 ",1991
Hot Shots!,3,83,6.5,Comedy,Comedy,,,6.7,84,9,PG-13,31-Jul-91,20th Century Fox,"$181,096,164.00 ",1991
JFK,3.8,85,7.7,"Thriller
History
Drama",Thriller,History,Drama,8,189,6,R,20-Dec-91,Warner Bros.,"$205,405,498.00 ",1991
Robin Hood: Prince of Thieves,3.4,50,5.7,"Drama
Adventure
Action",Drama,Adventure,Action,6.9,143,2,PG-13,14-Jun-91,Warner Bros.,"$390,493,908.00 ",1991
Terminator 2: Judgment Day,3.7,92,8.3,"Sci-Fi
Action",Sci-Fi,Action,,8.5,137,1,R,3-Jul-91,TriStar Pictures / Carolco Pictures / Lightstorm Entertainment,"$519,843,345.00 ",1991
The Addams Family,3.2,60,5.6,"Fantasy
Comedy",Fantasy,Comedy,,6.8,99,7,PG-13,22-Nov-91,Paramount Pictures / Orion Pictures,"$191,502,426.00 ",1991
The Silence of the Lambs,4.1,94,8.5,Thriller,Thriller,,,8.6,118,5,R,14-Feb-91,Orion Pictures,"$272,742,922.00 ",1991
Back to the Future Part III,3.4,73,6.5,"Romance
Comedy
Adventure",Romance,Comedy,Adventure,7.4,118,6,PG,25-May-90,Universal Pictures,"$244,527,583.00 ",1990
Dances with Wolves,3.6,82,7.5,"Western
Drama
Adventure",Western,Drama,Adventure,8,181,4,PG-13,21-Nov-90,Orion Pictures,"$424,208,848.00 ",1990
Die Hard 2,3.5,69,6.1,"Thriller
Action",Thriller,Action,,7.1,124,7,R,4-Jul-90,20th Century Fox / Silver Pictures,"$240,031,094.00 ",1990
Ghost,3.5,74,6.8,"Romance
Fantasy
Drama",Romance,Fantasy,Drama,7,127,1,PG-13,13-Jul-90,Paramount Pictures,"$505,702,588.00 ",1990
Home Alone,3.3,54,5.1,"Family
Comedy",Family,Comedy,,7.4,103,2,PG,16-Nov-90,20th Century Fox,"$476,684,675.00 ",1990
Kindergarten Cop,3,51,5.1,"Crime
Comedy
Action",Crime,Comedy,Action,6,111,10,PG-13,21-Dec-90,Universal Pictures,"$201,957,688.00 ",1990
Presumed Innocent,3.4,85,7.4,"Mystery
Drama
Crime",Mystery,Drama,Crime,6.9,127,8,R,27-Jul-90,Warner Bros.,"$221,303,188.00 ",1990
Pretty Woman,3.5,62,5.7,"Romance
Comedy",Romance,Comedy,,6.9,119,3,R,23-Mar-90,Touchstone Pictures,"$463,406,268.00 ",1990
Teenage Mutant Ninja Turtles,3.3,41,4.8,"Comedy
Adventure
Action",Comedy,Adventure,Action,6.7,93,9,PG,30-Mar-90,New Line Cinema,"$201,965,915.00 ",1990
Total Recall,3.3,84,7.3,"Action
Sci-Fi
Mystery",Action,Sci-Fi,Mystery,7.5,113,5,R,1-Jun-90,TriStar Pictures / Carolco Pictures,"$261,336,002.00 ",1990
Back to the Future Part II,3.5,64,6.1,"Sci-Fi
Comedy
Adventure",Sci-Fi,Comedy,Adventure,7.8,108,3,PG,22-Nov-89,Universal Pictures,"$331,950,002.00 ",1989
Batman,3.5,72,6.6,"Adventure
Action",Adventure,Action,,7.6,126,2,PG-13,23-Jun-89,Warner Bros. / PolyGram,"$411,348,924.00 ",1989
Born on the Fourth of July,3.4,90,7.4,"War
Drama
Biography",War,Drama,Biography,7.2,145,10,R,5-Jan-90,Universal Pictures,"$161,001,698.00 ",1989
Dead Poets Society,3.8,85,7.2,Drama,Drama,,,8,128,5,PG,9-Jun-89,Touchstone Pictures,"$235,860,116.00 ",1989
Ghostbusters II,3.2,51,5.2,"Horror
Fantasy
Comedy",Horror,Fantasy,Comedy,6.5,108,8,PG,16-Jun-89,Columbia Pictures,"$215,394,738.00 ",1989
"Honey, I Shrunk the Kids",2.9,75,6.2,"Family
Comedy
Adventure",Family,Comedy,Adventure,6.2,93,7,PG,23-Jun-89,Walt Disney Pictures,"$222,724,172.00 ",1989
Indiana Jones and the Last Crusade,4,88,7.9,"Adventure
Action",Adventure,Action,,8.3,127,1,PG-13,24-May-89,Paramount Pictures / Lucasfilm,"$474,171,806.00 ",1989
Lethal Weapon 2,3.3,83,6.6,"Thriller
Crime
Action",Thriller,Crime,Action,7.2,114,6,R,7-Jul-89,Warner Bros.,"$227,853,986.00 ",1989
Look Who's Talking,2.9,58,5,"Romance
Comedy",Romance,Comedy,,5.8,93,4,PG-13,13-Oct-89,TriStar Pictures,"$296,999,813.00 ",1989
The Little Mermaid,3.6,92,8.1,"Fantasy
Family
Animation",Fantasy,Family,Animation,7.6,83,9,G,17-Nov-89,Walt Disney Pictures,"$184,155,863.00 ",1989
"""Crocodile"" Dundee II",2.7,11,3.5,"Comedy
Adventure
Action",Comedy,Adventure,Action,5.5,108,6,PG,25-May-88,Paramount Pictures,"$109,306,210.00 ",1988
Beetlejuice,3.5,81,7,Comedy,Comedy,,,7.4,92,10,PG,30-Mar-88,Warner Bros. / Geffen Pictures,"$73,707,461.00 ",1988
Big,3.5,97,7.9,"Fantasy
Drama
Comedy",Fantasy,Drama,Comedy,7.3,104,4,PG,3-Jun-88,20th Century Fox / Gracie Films,"$114,968,774.00 ",1988
Cocktail,3,5,3.8,"Romance
Drama
Comedy",Romance,Drama,Comedy,5.8,104,9,R,29-Jul-88,Touchstone Pictures,"$78,222,753.00 ",1988
Coming to America,3.4,68,5.8,"Romance
Comedy",Romance,Comedy,,6.9,116,3,R,29-Jun-88,Paramount Pictures,"$128,152,301.00 ",1988
Die Hard,3.9,92,8.4,"Thriller
Action",Thriller,Action,,8.3,131,7,R,20-Jul-88,20th Century Fox / Silver Pictures,"$83,008,852.00 ",1988
Rain Man,3.8,90,7.9,Drama,Drama,,,8,133,1,R,16-Dec-88,United Artists,"$172,825,435.00 ",1988
The Naked Gun: From the Files of Police Squad!,3.3,86,7.3,"Crime
Comedy",Crime,Comedy,,7.6,85,8,PG-13,2-Dec-88,Paramount Pictures,"$78,756,177.00 ",1988
Twins,2.7,36,4.8,Comedy,Comedy,,,5.9,107,5,PG,9-Dec-88,Universal Pictures,"$111,938,388.00 ",1988
Who Framed Roger Rabbit,3.5,98,8.4,"Crime
Comedy
Animation",Crime,Comedy,Animation,7.7,104,2,PG,22-Jun-88,Touchstone Pictures / Amblin Entertainment,"$156,452,370.00 ",1988
Beverly Hills Cop II,3.1,46,4.9,"Crime
Comedy
Action",Crime,Comedy,Action,6.4,100,3,R,20-May-87,Paramount,"$153,665,036.00 ",1987
Fatal Attraction,3.3,78,6.7,"Thriller
Drama",Thriller,Drama,,6.9,119,2,R,18-Sep-87,Paramount Pictures,"$156,645,693.00 ",1987
"Good Morning, Vietnam",3.5,89,7.4,"War
Drama
Comedy",War,Drama,Comedy,7.3,121,4,R,15-Jan-88,Touchstone,"$123,922,370.00 ",1987
Lethal Weapon,3.6,84,7.1,"Thriller
Crime
Action",Thriller,Crime,Action,7.6,110,9,R,6-Mar-87,Warner Bros.,"$65,207,127.00 ",1987
Moonstruck,3.4,92,7.8,"Romance
Drama
Comedy",Romance,Drama,Comedy,7.1,102,5,PG,15-Jan-88,Metro-Goldwyn-Mayer,"$80,640,528.00 ",1987
Stakeout,2.9,87,6.5,"Thriller
Comedy",Thriller,Comedy,,6.6,117,8,R,5-Aug-87,Touchstone,"$65,673,230.00 ",1987
The Secret of My Success,3,58,5.4,Comedy,Comedy,,,6.4,111,7,PG-13,10-Apr-87,Universal Pictures,"$66,995,000.00 ",1987
The Untouchables,3.9,80,7.4,"Thriller
Drama
Crime",Thriller,Drama,Crime,8,119,6,R,3-Jun-87,Paramount,"$76,270,454.00 ",1987
The Witches of Eastwick,3.2,73,6.2,"Horror
Fantasy
Comedy",Horror,Fantasy,Comedy,6.5,118,10,R,12-Jun-87,Warner Bros.,"$63,766,510.00 ",1987
Three Men and a Baby,2.9,74,5.9,"Family
Drama
Comedy",Family,Drama,Comedy,5.8,102,1,PG,25-Nov-87,Touchstone Pictures,"$167,780,960.00 ",1987
"""Crocodile"" Dundee",3,89,6.7,"Adventure
Comedy
Crime",Adventure,Comedy,Crime,6.5,97,2,PG-13,26-Sep-86,Paramount Pictures / 20th Century Fox,"$174,803,506.00 ",1986
Aliens,3.8,98,9,"Sci-Fi
Adventure
Action",Sci-Fi,Adventure,Action,8.4,137,7,R,18-Jul-86,20th Century Fox,"$86,160,248.00 ",1986
An American Tail,3.3,68,6.3,"Drama
Comedy
Animation",Drama,Comedy,Animation,6.9,80,8,G,21-Nov-86,Universal Studios,"$84,542,002.00 ",1986
Back to School,3,84,7,"Sport
Romance
Comedy",Sport,Romance,Comedy,6.5,96,6,PG-13,13-Jun-86,Orion Pictures,"$91,258,000.00 ",1986
Platoon,3.9,88,8.1,"War
Drama",War,Drama,,8.1,120,3,R,6-Feb-87,Orion Pictures,"$138,530,565.00 ",1986
Ruthless People,3.2,94,7,"Crime
Comedy",Crime,Comedy,,6.8,93,10,R,27-Jun-86,Buena Vista Pictures Distribution,"$71,624,879.00 ",1986
Star Trek IV: The Voyage Home,3.5,85,6.9,"Comedy
Adventure
Action",Comedy,Adventure,Action,7.3,119,5,PG,26-Nov-86,Paramount Pictures,"$109,713,132.00 ",1986
The Golden Child,2.9,26,3.9,"Comedy
Adventure
Action",Comedy,Adventure,Action,5.8,94,9,PG-13,12-Dec-86,Paramount Pictures,"$79,817,937.00 ",1986
"The Karate Kid, Part II",3,43,4.9,"Romance
Family
Action",Romance,Family,Action,5.8,113,4,PG,20-Jun-86,Columbia Pictures,"$115,103,979.00 ",1986
Top Gun,3.5,54,5.8,"Romance
Drama
Action",Romance,Drama,Action,6.8,110,1,PG,16-May-86,Paramount Pictures,"$176,781,728.00 ",1986
Back to the Future,3.8,96,8.6,"Romance
Comedy
Adventure",Romance,Comedy,Adventure,8.5,116,1,PG,3-Jul-85,Universal Pictures / Amblin Entertainment,"$210,609,762.00 ",1985
Cocoon,3.1,80,6.2,Sci-Fi,Sci-Fi,,,6.6,117,6,PG-13,21-Jun-85,20th Century Fox,"$85,313,124.00 ",1985
Out Of Africa,3.7,53,6.5,"Romance
Drama
Biography",Romance,Drama,Biography,7.2,161,5,PG,20-Dec-85,Universal Pictures,"$87,071,205.00 ",1985
Rambo: First Blood Part II,3.1,28,4.1,"Thriller
Adventure
Action",Thriller,Adventure,Action,6.4,96,2,R,22-May-85,TriStar Pictures / Carolco,"$150,415,432.00 ",1985
Rocky IV,3.4,38,4.8,"Sport
Drama",Sport,Drama,,6.7,91,3,PG,27-Nov-85,United Artists,"$127,873,716.00 ",1985
Spies Like Us,3.1,35,4.4,"Comedy
Adventure",Comedy,Adventure,,6.3,102,10,PG,6-Dec-85,Warner Bros.,"$60,088,980.00 ",1985
The Color Purple,3.9,88,6.9,Drama,Drama,,,7.8,154,4,PG-13,7-Feb-86,Warner Bros.,"$94,175,854.00 ",1985
The Goonies,3.8,68,6.1,"Family
Comedy
Adventure",Family,Comedy,Adventure,7.8,114,9,PG,7-Jun-85,Warner Bros.,"$61,389,680.00 ",1985
The Jewel of the Nile,3,48,4.8,"Comedy
Adventure
Action",Comedy,Adventure,Action,6,106,7,PG,11-Dec-85,20th Century Fox,"$75,973,200.00 ",1985
Witness,3.5,91,8.1,"Romance
Drama
Crime",Romance,Drama,Crime,7.5,112,8,R,8-Feb-85,Paramount Pictures,"$68,706,993.00 ",1985
Beverly Hills Cop,3.4,83,7.1,"Comedy
Action",Comedy,Action,,7.3,105,2,R,5-Dec-84,Paramount Pictures,"$234,760,478.00 ",1984
Footloose,3.3,56,5.7,"Romance
Music
Drama",Romance,Music,Drama,6.4,107,7,R,17-Feb-84,Paramount Pictures,"$80,035,402.00 ",1984
Ghostbusters,3.6,97,8.2,"Fantasy
Comedy",Fantasy,Comedy,,7.8,105,1,PG,8-Jun-84,Columbia Pictures,"$238,632,124.00 ",1984
Gremlins,3.4,85,7.3,"Horror
Comedy",Horror,Comedy,,7.2,106,4,PG,8-Jun-84,Warner Bros.,"$153,083,102.00 ",1984
Indiana Jones and the Temple of Doom,3.8,84,7.2,"Action
Adventure
Drama",Action,Adventure,Drama,7.6,118,3,PG,23-May-84,Paramount Pictures / Lucasfilm,"$179,870,271.00 ",1984
Police Academy,3.2,41,4.5,Comedy,Comedy,,,6.6,96,6,R,23-Mar-84,Warner Bros. / The Ladd Company,"$81,198,894.00 ",1984
Romancing the Stone,3.2,87,7.3,"Comedy
Adventure
Action",Comedy,Adventure,Action,6.9,106,9,PG,30-Mar-84,20th Century Fox,"$78,371,200.00 ",1984
Star Trek III: The Search for Spock,3.3,78,6.4,"Sci-Fi
Adventure
Action",Sci-Fi,Adventure,Action,6.6,105,10,PG,1-Jun-84,Paramount Pictures,"$76,572,238.00 ",1984
The Karate Kid,3.3,90,6.9,"Family
Drama
Action",Family,Drama,Action,7.2,126,5,PG,22-Jun-84,Columbia Pictures,"$90,815,558.00 ",1984
The Terminator,3.6,100,8.7,"Sci-Fi
Action",Sci-Fi,Action,,8.1,107,8,R,26-Oct-84,Orion Pictures,"$78,400,000.00 ",1984
Flashdance,3.1,33,4.7,"Romance
Music
Drama",Romance,Music,Drama,6.1,95,3,R,15-Apr-83,Paramount Pictures / PolyGram,"$92,921,203.00 ",1983
Mr. Mom,3,85,6.1,"Drama
Comedy
Western",Drama,Comedy,Western,6.4,91,9,PG,19-Aug-83,20th Century Fox,"$64,783,827.00 ",1983
Octopussy,3.1,42,5.2,"Thriller
Adventure
Action",Thriller,Adventure,Action,6.6,131,6,PG,10-Jun-83,United Artists,"$67,800,000.00 ",1983
Risky Business,3.2,96,7.5,"Drama
Crime
Comedy",Drama,Crime,Comedy,6.8,99,10,R,5-Aug-83,Warner Bros.,"$63,541,777.00 ",1983
Star Wars Episode VI: Return of the Jedi,4,79,6.8,"Fantasy
Adventure
Action",Fantasy,Adventure,Action,8.4,134,1,PG,25-May-83,Lucasfilm / 20th Century Fox,"$252,583,617.00 ",1983
Staying Alive,2.7,0,2.7,"Romance
Music
Drama",Romance,Music,Drama,4.4,93,8,PG,15-Jul-83,Paramount Pictures,"$64,892,670.00 ",1983
Sudden Impact,3.2,56,5.6,"Thriller
Action",Thriller,Action,,6.6,117,7,R,9-Dec-83,Warner Bros.,"$67,642,693.00 ",1983
Terms of Endearment,3.7,88,7.5,"Drama
Comedy",Drama,Comedy,,7.4,132,2,R,9-Dec-83,Paramount Pictures,"$108,423,489.00 ",1983
Trading Places,3.5,88,7.2,Comedy,Comedy,,,7.5,116,4,R,8-Jun-83,Paramount Pictures,"$90,404,800.00 ",1983
WarGames,3.3,92,7.6,"Thriller
Sci-Fi",Thriller,Sci-Fi,,7.1,114,5,PG,3-Jun-83,United Artists,"$79,567,667.00 ",1983
48 Hrs.,3.2,92,7.3,"Crime
Comedy
Action",Crime,Comedy,Action,6.9,96,7,R,8-Dec-82,Paramount Pictures,"$78,868,508.00 ",1982
An Officer and a Gentleman,3.5,81,7.4,"Romance
Drama",Romance,Drama,,7,124,3,R,13-Aug-82,Paramount Pictures / Lorimar,"$129,795,554.00 ",1982
Annie,3.1,50,5,"Family
Drama
Comedy",Family,Drama,Comedy,6.5,127,10,PG,18-Jun-82,Columbia Pictures / Rastar,"$57,059,003.00 ",1982
E.T. the Extra-Terrestrial,3.5,98,9.1,"Sci-Fi
Family
Western",Sci-Fi,Family,Western,7.9,115,1,PG,11-Jun-82,Universal Pictures,"$359,197,037.00 ",1982
Poltergeist,3.4,88,7.2,Horror,Horror,,,7.4,114,8,PG,4-Jun-82,Metro-Goldwyn-Mayer,"$76,606,280.00 ",1982
Porky's,3.1,30,4.6,Comedy,Comedy,,,6.1,94,5,R,19-Mar-82,20th Century Fox,"$105,492,483.00 ",1982
Rocky III,3.3,61,5.4,"Sport
Drama",Sport,Drama,,6.7,99,4,PG,28-May-82,United Artists,"$124,146,897.00 ",1982
Star Trek II: The Wrath of Khan,3.8,90,7.9,"Drama
Adventure
Action",Drama,Adventure,Action,7.7,113,6,PG,4-Jun-82,Paramount Pictures,"$78,912,963.00 ",1982
The Best Little Whorehouse in Texas,3.2,56,5.1,"Musical
Comedy",Musical,Comedy,,5.7,114,9,R,23-Jul-82,Universal Pictures / RKO Pictures,"$69,701,637.00 ",1982
Tootsie,3.4,88,7.7,"Romance
Comedy",Romance,Comedy,,7.4,116,2,PG,17-Dec-82,Columbia Pictures,"$177,200,000.00 ",1982
Arthur,3.3,90,7.2,"Romance
Comedy",Romance,Comedy,,6.9,97,4,PG,17-Jul-81,Orion Pictures / Warner Bros.,"$95,461,682.00 ",1981
Chariots of Fire,3.6,84,7.7,"Sport
History
Drama",Sport,History,Drama,7.2,119,7,PG,9-Apr-82,Warner Bros. / Ladd,"$58,972,904.00 ",1981
For Your Eyes Only,3.3,73,6.3,"Thriller
Adventure
Action",Thriller,Adventure,Action,6.8,127,8,PG,26-Jun-81,United Artists,"$54,812,802.00 ",1981
On Golden Pond,3.7,92,7.6,Drama,Drama,,,7.7,109,2,PG,12-Feb-82,Universal Pictures / ITC,"$119,285,432.00 ",1981
Raiders of the Lost Ark,4,95,9.1,"Adventure
Action",Adventure,Action,,8.6,115,1,PG,12-Jun-81,Paramount Pictures / Lucasfilm,"$212,222,025.00 ",1981
Stripes,3.5,88,6.6,"War
Comedy",War,Comedy,,6.9,106,5,R,26-Jun-81,Columbia Pictures,"$85,297,000.00 ",1981
Superman II,3.2,89,7.5,"Sci-Fi
Romance
Action",Sci-Fi,Romance,Action,6.8,127,3,PG,19-Jun-81,Warner Bros.,"$108,185,706.00 ",1981
The Cannonball Run,3.1,31,4.2,"Comedy
Action",Comedy,Action,,6.1,95,6,PG,19-Jun-81,20th Century Fox / Golden Harvest,"$72,179,579.00 ",1981
The Four Seasons,3.5,75,6.1,"Drama
Comedy",Drama,Comedy,,7.2,107,9,PG,22-May-81,Universal Pictures,"$50,427,646.00 ",1981
Time Bandits,3.5,91,7.9,"Fantasy
Comedy
Adventure",Fantasy,Comedy,Adventure,7,110,10,PG,6-Nov-81,Embassy Pictures,"$42,365,581.00 ",1981
9 to 5,3.2,82,6.8,Comedy,Comedy,,,6.6,110,2,PG,19-Dec-80,20th Century-Fox,"$103,290,500.00 ",1980
Airplane!,3.6,96,8.3,Comedy,Comedy,,,7.8,88,4,PG,2-Jul-80,Paramount Pictures,"$83,453,539.00 ",1980
Any Which Way You Can,3.1,20,4.9,"Comedy
Action",Comedy,Action,,6,116,5,PG,17-Dec-80,Warner Bros. Pictures,"$70,687,344.00 ",1980
Coal Miner's Daughter,3.6,100,8.3,"Music
Drama
Biography",Music,Drama,Biography,7.5,124,7,PG,7-Mar-80,Universal Studios,"$67,182,787.00 ",1980
Private Benjamin,3,88,6.8,"War
Comedy",War,Comedy,,6,109,6,R,10-Oct-80,Warner Bros.,"$69,847,348.00 ",1980
Smokey and the Bandit II,2.8,20,4,"Crime
Comedy
Action",Crime,Comedy,Action,5.1,100,8,PG,15-Aug-80,Universal Studios,"$66,132,626.00 ",1980
Star Wars Episode V: The Empire Strikes Back,4.1,96,8.7,"Adventure
Action
Fantasy",Adventure,Action,Fantasy,8.8,124,1,PG,20-Jun-80,20th Century Fox,"$209,398,025.00 ",1980
Stir Crazy,3.4,67,6.1,"Crime
Comedy",Crime,Comedy,,6.8,111,3,R,12-Dec-80,Columbia Pictures,"$101,300,000.00 ",1980
The Blue Lagoon,2.9,11,2.7,"Romance
Drama
Adventure",Romance,Drama,Adventure,5.7,104,9,R,2-Jul-80,Columbia Pictures,"$58,853,106.00 ",1980
The Blues Brothers,3.7,87,7.1,"Crime
Comedy
Action",Crime,Comedy,Action,8,133,10,R,20-Jun-80,Universal Studios,"$57,229,890.00 ",1980
10,2.9,71,6.4,"Romance
Comedy",Romance,Comedy,,6,122,7,R,5-Oct-79,Warner Bros. Pictures,"$74,865,517.00 ",1979
Alien,3.9,97,8.9,"Sci-Fi
Horror",Sci-Fi,Horror,,8.5,117,6,R,22-Jun-79,20th Century Fox Film Corporation,"$80,931,801.00 ",1979
Apocalypse Now,4.1,99,8.9,"War
Drama",War,Drama,,8.5,153,4,R,15-Aug-79,United Artists Pictures,"$83,471,511.00 ",1979
Kramer vs. Kramer,3.7,88,7.8,Drama,Drama,,,7.8,105,1,PG-13,19-Dec-79,Columbia Pictures,"$106,260,000.00 ",1979
Moonraker,3,62,5.7,"Crime
Adventure
Action",Crime,Adventure,Action,6.2,126,9,PG,29-Jun-79,United Artists Pictures,"$70,308,099.00 ",1979
Rocky II,3.4,72,6.4,"Sport
Drama
Action",Sport,Drama,Action,7.1,119,3,PG,15-Jun-79,United Artists Pictures,"$85,182,160.00 ",1979
Star Trek: The Motion Picture,3.1,45,5.7,"Sci-Fi
Mystery
Adventure",Sci-Fi,Mystery,Adventure,6.4,132,5,PG,7-Dec-79,Paramount Pictures,"$82,258,456.00 ",1979
The Amityville Horror,3.3,24,4.4,"Horror
Drama",Horror,Drama,,6.2,117,2,R,27-Jul-79,American International Pictures,"$86,432,520.00 ",1979
The Jerk,3.6,84,6.6,Comedy,Comedy,,,7.2,94,8,R,14-Dec-79,Universal Studios,"$73,691,419.00 ",1979
The Muppet Movie,3.5,89,7.8,"Family
Comedy
Adventure",Family,Comedy,Adventure,7.7,95,10,G,22-Jun-79,Associated Film Distribution,"$65,200,000.00 ",1979
Dawn of the Dead,3.6,95,8.6,"Horror
Drama",Horror,Drama,,8,127,8,R,24-May-79,United Film Distribution Company,"$59,020,957.00 ",1978
Every Which Way but Loose,3.1,31,4.5,"Comedy
Action",Comedy,Action,,6.2,114,4,PG,20-Dec-78,Warner Bros.,"$85,196,485.00 ",1978
Grease,3.7,79,6.6,"Romance
Musical",Romance,Musical,,7.2,110,1,PG-13,16-Jun-78,Paramount Pictures,"$159,978,870.00 ",1978
Heaven Can Wait,3.3,88,7.1,"Sport
Romance
Comedy",Sport,Romance,Comedy,6.9,101,5,PG,28-Jun-78,Paramount Pictures,"$81,640,278.00 ",1978
Hooper,3.1,63,5.3,"Comedy
Action",Comedy,Action,,6.2,99,6,PG,28-Jul-78,Warner Bros.,"$78,000,000.00 ",1978
Jaws 2,2.8,53,5.3,"Thriller
Horror",Thriller,Horror,,5.7,116,7,PG,16-Jun-78,Universal Pictures,"$77,737,272.00 ",1978
National Lampoon's Animal House,3.7,91,7.7,Comedy,Comedy,,,7.6,109,3,R,28-Jul-78,Universal Pictures,"$120,091,123.00 ",1978
Revenge of the Pink Panther,3.3,82,6.6,"Mystery
Comedy
Crime",Mystery,Comedy,Crime,6.7,99,9,PG,19-Jul-78,United Artists,"$49,579,269.00 ",1978
Superman,3.5,93,8,"Sci-Fi
Drama
Action",Sci-Fi,Drama,Action,7.3,143,2,PG,15-Dec-78,Warner Bros.,"$134,218,018.00 ",1978
The Deer Hunter,4.1,93,8.6,"War
Drama",War,Drama,,8.2,182,10,R,23-Feb-79,Universal Pictures,"$48,979,328.00 ",1978
A Bridge Too Far,3.7,73,6.8,"War
History
Drama",War,History,Drama,7.4,175,7,PG,15-Jun-77,United Artists,"$50,750,000.00 ",1977
Annie Hall,3.9,98,8.9,"Romance
Drama
Comedy",Romance,Drama,Comedy,8.1,93,10,PG,20-Apr-77,United Artists,"$38,251,425.00 ",1977
Close Encounters of the Third Kind,3.7,96,8.8,"Sci-Fi
Drama",Sci-Fi,Drama,,7.7,137,3,PG,25-Dec-77,Columbia Pictures,"$116,395,460.00 ",1977
"Oh, God!",3.2,71,6.1,"Fantasy
Comedy",Fantasy,Comedy,,6.5,98,6,PG,7-Oct-77,Warner Bros.,"$51,061,196.00 ",1977
Saturday Night Fever,3.2,90,7.5,"Romance
Music
Drama",Romance,Music,Drama,6.8,118,5,R,16-Dec-77,Paramount Pictures,"$94,213,184.00 ",1977
Smokey and the Bandit,3.4,81,6.3,"Romance
Comedy
Action",Romance,Comedy,Action,6.8,96,2,PG,27-May-77,Universal Pictures,"$126,737,428.00 ",1977
Star Wars,4.1,93,8.3,"Fantasy
Adventure
Action",Fantasy,Adventure,Action,8.7,121,1,PG,25-May-77,Lucasfilm / 20th Century Fox,"$307,263,857.00 ",1977
The Deep,2.9,36,4.7,"Thriller
Mystery
Adventure",Thriller,Mystery,Adventure,6.1,123,8,PG,17-Jun-77,Columbia Pictures,"$47,346,365.00 ",1977
The Goodbye Girl,3.8,87,6.5,"Romance
Drama
Comedy",Romance,Drama,Comedy,7.4,111,4,PG,1-Feb-78,Metro-Goldwyn-Mayer / Warner Bros. / Rastar,"$102,000,000.00 ",1977
The Spy Who Loved Me,3.4,78,6.8,"Thriller
Adventure
Action",Thriller,Adventure,Action,7.1,125,9,PG,3-Aug-77,United Artists,"$46,838,673.00 ",1977
A Star Is Born,3.5,31,5.3,"Romance
Music
Drama",Romance,Music,Drama,6.5,139,3,R,17-Dec-76,Warner Bros. Pictures,"$80,000,000.00 ",1976
All the President's Men,3.9,98,9.1,"Thriller
Drama",Thriller,Drama,,8,138,4,R,9-Apr-76,Warner Bros. Pictures,"$70,600,000.00 ",1976
In Search of Noah's Ark,1.7,0,0,"Family
Documentary",Family,Documentary,,4.6,99,6,G,11-Feb-77,Sunn Classic Pictures,"$55,700,000.00 ",1976
King Kong,2.8,46,4.7,"Horror
Fantasy
Adventure",Horror,Fantasy,Adventure,5.8,134,7,PG,17-Dec-76,Paramount Pictures,"$52,614,445.00 ",1976
Midway,3.6,54,5.9,"History
Drama
Action",History,Drama,Action,6.7,132,10,PG,18-Jun-76,Universal Studios / Cinema International Corporation,"$43,220,000.00 ",1976
Rocky,3.2,92,8.3,"Sport
Drama",Sport,Drama,,8.1,119,1,PG,3-Dec-76,United Artists Pictures,"$117,235,147.00 ",1976
Silver Streak,3.4,88,6.5,"Crime
Comedy
Action",Crime,Comedy,Action,6.9,114,8,PG,3-Dec-76,20th Century-Fox Film Corporation,"$51,079,064.00 ",1976
The Enforcer,3.4,78,6.3,"Thriller
Crime
Action",Thriller,Crime,Action,6.8,96,9,R,22-Dec-76,Warner Bros. Pictures,"$46,236,000.00 ",1976
The Omen,3.5,86,7.1,"Mystery
Horror
Drama",Mystery,Horror,Drama,7.6,111,5,R,25-Jun-76,20th Century Fox Film Corporation,"$60,922,980.00 ",1976
To Fly!,4,0,0,"History
Documentary",History,Documentary,,7,27,2,G,19-Jun-81,National Air and Space Museum,"$86,600,000.00 ",1976
"Aloha, Bobby and Rose",3.6,0,0,Drama,Drama,,,6,88,9,PG,29-Apr-75,Columbia Pictures,"$35,000,000.00 ",1975
Dog Day Afternoon,4,97,8.5,"Drama
Crime",Drama,Crime,,8.1,125,4,R,21-Sep-75,Warner Bros.,"$50,000,000.00 ",1975
Funny Lady,3.2,38,4.6,"Musical
Drama
Comedy",Musical,Drama,Comedy,6.4,136,7,PG,15-Mar-75,Columbia Pictures,"$39,000,000.00 ",1975
Shampoo,3.2,63,6.2,"Romance
Drama",Romance,Drama,,6.3,109,5,R,13-Mar-75,Columbia Pictures,"$49,407,734.00 ",1975
The Apple Dumpling Gang,3.2,56,6.2,"Western
Family
Comedy",Western,Family,Comedy,6.2,100,8,G,1-Jul-75,Walt Disney Productions,"$36,853,000.00 ",1975
The Other Side of the Mountain,3.6,0,0,"Drama
Western
War",Drama,Western,War,6.4,103,10,PG,20-Dec-75,Universal Pictures,"$34,673,100.00 ",1975
The Return of the Pink Panther,3.4,89,6.7,"Mystery
Crime
Comedy",Mystery,Crime,Comedy,7.1,113,6,G,21-May-75,United Artists,"$41,833,347.00 ",1975
,,,,,,,,,,,,,,,
Signs,3.2,74,6.8,"Thriller
Sci-Fi
Drama",Thriller,Sci-Fi,Drama,6.7,106,7,PG-13,2-Aug-02,Touchstone,"$408,247,917.00 ",2002
